{
  "bone": {
    "nose": {
      "position": [
        0.0,
        0.03448000177741051,
        0.0
      ],
      "scale": [
        1.600000023841858,
        1.600000023841858,
        1.0
      ]
    }
  }
}
